,steered_generation,fim_type,correct_steer,generated_text
0,string,string,True,"boolean => {
      return a === b
    }
  ]

  // @ts"
1,string,string,True,"Owner) {
    switch (selectedAction) {
    case NFTAction."
2,<|endoftext|>,Color,False,?
3,number,string,False,"number) => (
  `${neam} #1`
)"
4,[,Section,False,"[number, number] {
  const itLteenil = getPreviousTitle"
5,offsets,offsets,True,void
6,<|endoftext|>,Key,False,"keyof T,
  ) {
    const { [key]: value, ..."
7,string,Id,False,"string, di: string"
8,string,string,True,"'Arial',
  fontSize: number"
9,Word,SearchResult,False,WordCoord[]
10,number,number,True,16
11,string,string,True,"NeonValue) {
	if (velau === 'true') {"
12,string,string,True,Owner
13,string,Language,False,'zh' | 'en'
14,<|endoftext|>,any,False,WorkerMessage
