,var_name,logits_28,prompt prefix
1,,,
3,i,"['i', 'bin', ' i', '(', ' bin', 'Bin', 'binary', 'int', ""'"", 'Binary', '[', 'I', ' binary', 'abs', '1', '_', 'n', '-', 'b', '2', 'bit', '0', ' ', ' (', ' Binary', 'self', 'str', '""', 's', 'o', 'N', ':', 'S', '<', 'in', 'BIN', 'm', '~', 'x', 'r']","def A070939(i: int = 0) -> int:
    """"""Length of binary representation of n.""""""
    return len(f""{"
4,n,"['n', ' n', 'int', ' ', '2', '1', ' (', 'len', '\n       ', ' int', 'abs', 'N', '<fim_middle>', 'math', '8', '0', 'bit', 'log', 'max', '3', 'bits', '4', 'i', 'get', '-', 'nb', 'b', '  ', 'k', 'round', 'l', 'np', 'min', '(', 'bin', 's', ' -', '6', '5', '<fim_suffix>']","def reverse_int_bits(n: int, n_bits: int = 10) -> int:
    """"""Reverses the bits of *n*, considering it is padded by *n_bits* first""""""
    return int(format(n, '0' + str("
6,,,
8,,,
9,,,
